DeviceName,IPAddress,SubType,Type,Building,Area
COMPUTER01111,175.55.10.6,POS,POS,SKY-WF,Calgary
COMPUTER01112,175.55.10.7,POS,POS,SKY-WF,Calgary
COMPUTER01113,175.55.10.8,POS,POS,SKY-WF,Calgary
COMPUTER01114,175.55.10.9,POS,POS,SKY-WF,Calgary
COMPUTER01115,175.55.10.10,POS,POS,SKY-WF,Calgary
COMPUTER01116,175.55.10.11,POS,POS,SKY-WF,Calgary
COMPUTER01211,175.55.10.12,miniPOS,POS,SKY-WF,Calgary
COMPUTER01212,175.55.10.13,miniPOS,POS,SKY-WF,Calgary
COMPUTER01311,175.55.10.14,Type2,Vendor,SKY-WF,Calgary
COMPUTER01312,175.55.10.15,Type1,Vendor,SKY-WF,Calgary
COMPUTER01313,175.55.10.16,Type1,Vendor,SKY-WF,Calgary
COMPUTER01314,175.55.10.17,Type1,Vendor,SKY-WF,Calgary
COMPUTER01315,175.55.10.18,Type1,Vendor,SKY-WF,Calgary
COMPUTER01316,175.55.10.19,Type1,Vendor,SKY-WF,Calgary
COMPUTER01317,175.55.10.20,Type1,Vendor,SKY-WF,Calgary
COMPUTER01318,175.55.10.21,Type2,Vendor,SKY-WF,Calgary
COMPUTER01121,175.55.10.22,POS,POS,SKY-WF,Calgary
COMPUTER01122,175.55.10.23,POS,POS,SKY-WF,Calgary
COMPUTER01123,175.55.10.24,POS,POS,SKY-WF,Calgary
COMPUTER01131,175.55.10.25,POS,POS,SKY-WF,Calgary
COMPUTER01231,175.55.10.26,miniPOS,POS,SKY-WF,Calgary
COMPUTER01232,175.55.10.27,miniPOS,POS,SKY-WF,Calgary
COMPUTER01331,175.55.10.28,Type2,Vendor,SKY-WF,Calgary
COMPUTER01332,175.55.10.29,Type1,Vendor,SKY-WF,Calgary
COMPUTER01333,175.55.10.30,Type1,Vendor,SKY-WF,Calgary
COMPUTER01334,175.55.10.31,Type1,Vendor,SKY-WF,Calgary
COMPUTER01335,175.55.10.32,Type2,Vendor,SKY-WF,Calgary
COMPUTER01141,175.55.10.41,POS,POS,SKY-WF,Calgary
COMPUTER01241,175.55.10.42,miniPOS,POS,SKY-WF,Calgary
COMPUTER01541,175.55.10.43,Validator,Validator,SKY-WF,Calgary
COMPUTER01542,175.55.10.44,Validator,Validator,SKY-WF,Calgary
COMPUTER02111,175.55.10.70,POS,POS,SKY-BU,Calgary
COMPUTER02112,175.55.10.71,POS,POS,SKY-BU,Calgary
COMPUTER02211,175.55.10.72,miniPOS,POS,SKY-BU,Calgary
COMPUTER02311,175.55.10.73,Type2,Vendor,SKY-BU,Calgary
COMPUTER02312,175.55.10.74,Type2,Vendor,SKY-BU,Calgary
COMPUTER02121,175.55.10.75,POS,POS,SKY-BU,Calgary
COMPUTER02122,175.55.10.76,POS,POS,SKY-BU,Calgary
COMPUTER02123,175.55.10.77,POS,POS,SKY-BU,Calgary
COMPUTER02124,175.55.10.78,POS,POS,SKY-BU,Calgary
COMPUTER02125,175.55.10.79,POS,POS,SKY-BU,Calgary
COMPUTER02126,175.55.10.80,POS,POS,SKY-BU,Calgary
COMPUTER02521,175.55.10.81,Validator,Validator,SKY-BU,Calgary
COMPUTER02522,175.55.10.82,Validator,Validator,SKY-BU,Calgary
COMPUTER02131,175.55.10.83,POS,POS,SKY-BU,Calgary
COMPUTER02231,175.55.10.84,miniPOS,POS,SKY-BU,Calgary
COMPUTER02232,175.55.10.85,miniPOS,POS,SKY-BU,Calgary
COMPUTER02331,175.55.10.86,Type2,Vendor,SKY-BU,Calgary
COMPUTER02332,175.55.10.87,Type1,Vendor,SKY-BU,Calgary
COMPUTER02333,175.55.10.88,Type1,Vendor,SKY-BU,Calgary
COMPUTER02341,175.55.10.89,Type2,Vendor,SKY-BU,Calgary
COMPUTER02342,175.55.10.90,Type1,Vendor,SKY-BU,Calgary
COMPUTER02343,175.55.10.91,Type1,Vendor,SKY-BU,Calgary
COMPUTER02344,175.55.10.92,Type1,Vendor,SKY-BU,Calgary
COMPUTER02351,175.55.10.93,Type1,Vendor,SKY-BU,Calgary
COMPUTER02352,175.55.10.94,Type1,Vendor,SKY-BU,Calgary
COMPUTER02353,175.55.10.95,Type1,Vendor,SKY-BU,Calgary
COMPUTER02354,175.55.10.96,Type1,Vendor,SKY-BU,Calgary
COMPUTER02355,175.55.10.97,Type1,Vendor,SKY-BU,Calgary
COMPUTER02356,175.55.10.98,Type1,Vendor,SKY-BU,Calgary
COMPUTER02357,175.55.10.99,Type1,Vendor,SKY-BU,Calgary
COMPUTER02358,175.55.10.100,Type2,Vendor,SKY-BU,Calgary
COMPUTER03111,175.55.10.135,POS,POS,SKY-GV,Calgary
COMPUTER03112,175.55.10.136,POS,POS,SKY-GV,Calgary
COMPUTER03113,175.55.10.137,POS,POS,SKY-GV,Calgary
COMPUTER03114,175.55.10.138,POS,POS,SKY-GV,Calgary
COMPUTER03115,175.55.10.139,POS,POS,SKY-GV,Calgary
COMPUTER03211,175.55.10.140,miniPOS,POS,SKY-GV,Calgary
COMPUTER03212,175.55.10.141,miniPOS,POS,SKY-GV,Calgary
COMPUTER03311,175.55.10.142,Type2,Vendor,SKY-GV,Calgary
COMPUTER03312,175.55.10.143,Type1,Vendor,SKY-GV,Calgary
COMPUTER03313,175.55.10.144,Type1,Vendor,SKY-GV,Calgary
COMPUTER03314,175.55.10.145,Type1,Vendor,SKY-GV,Calgary
COMPUTER03315,175.55.10.146,Type1,Vendor,SKY-GV,Calgary
COMPUTER03316,175.55.10.147,Type1,Vendor,SKY-GV,Calgary
COMPUTER03317,175.55.10.148,Type2,Vendor,SKY-GV,Calgary
COMPUTER03121,175.55.10.149,POS,POS,SKY-GV,Calgary
COMPUTER03221,175.55.10.150,miniPOS,POS,SKY-GV,Calgary
COMPUTER03222,175.55.10.151,miniPOS,POS,SKY-GV,Calgary
COMPUTER03321,175.55.10.152,Type2,Vendor,SKY-GV,Calgary
COMPUTER03322,175.55.10.153,Type1,Vendor,SKY-GV,Calgary
COMPUTER03323,175.55.10.154,Type1,Vendor,SKY-GV,Calgary
COMPUTER03324,175.55.10.155,Type2,Vendor,SKY-GV,Calgary
COMPUTER03131,175.55.10.156,POS,POS,SKY-GV,Calgary
COMPUTER03132,175.55.10.157,POS,POS,SKY-GV,Calgary
COMPUTER03133,175.55.10.158,POS,POS,SKY-GV,Calgary
COMPUTER03134,175.55.10.159,POS,POS,SKY-GV,Calgary
COMPUTER04111,175.55.10.198,POS,POS,SKY-ST,Calgary
COMPUTER04112,175.55.10.199,POS,POS,SKY-ST,Calgary
COMPUTER04113,175.55.10.200,POS,POS,SKY-ST,Calgary
COMPUTER04114,175.55.10.201,POS,POS,SKY-ST,Calgary
COMPUTER04211,175.55.10.202,miniPOS,POS,SKY-ST,Calgary
COMPUTER04212,175.55.10.203,miniPOS,POS,SKY-ST,Calgary
COMPUTER04311,175.55.10.204,Type2,Vendor,SKY-ST,Calgary
COMPUTER04312,175.55.10.205,Type1,Vendor,SKY-ST,Calgary
COMPUTER04313,175.55.10.206,Type1,Vendor,SKY-ST,Calgary
COMPUTER04121,175.55.10.207,POS,POS,SKY-ST,Calgary
COMPUTER04122,175.55.10.208,POS,POS,SKY-ST,Calgary
COMPUTER04123,175.55.10.209,POS,POS,SKY-ST,Calgary
COMPUTER04221,175.55.10.210,miniPOS,POS,SKY-ST,Calgary
COMPUTER04321,175.55.10.212,Type2,Vendor,SKY-ST,Calgary
COMPUTER04322,175.55.10.213,Type1,Vendor,SKY-ST,Calgary
COMPUTER04323,175.55.10.214,Type1,Vendor,SKY-ST,Calgary
COMPUTER04324,175.55.10.215,Type1,Vendor,SKY-ST,Calgary
COMPUTER04325,175.55.10.239,Type1,Vendor,SKY-ST,Calgary
COMPUTER04326,175.55.10.240,Type1,Vendor,SKY-ST,Calgary
COMPUTER04327,175.55.10.241,Type2,Vendor,SKY-ST,Calgary
COMPUTER04131,175.55.10.216,POS,POS,SKY-ST,Calgary
COMPUTER04132,175.55.10.217,POS,POS,SKY-ST,Calgary
COMPUTER04231,175.55.10.218,miniPOS,POS,SKY-ST,Calgary
COMPUTER04232,175.55.10.219,miniPOS,POS,SKY-ST,Calgary
COMPUTER04331,175.55.10.220,Type2,Vendor,SKY-ST,Calgary
COMPUTER04332,175.55.10.221,Type1,Vendor,SKY-ST,Calgary
COMPUTER04333,175.55.10.222,Type1,Vendor,SKY-ST,Calgary
COMPUTER04511,175.55.10.235,Validator,Validator,SKY-ST,Calgary
COMPUTER04512,175.55.10.236,Validator,Validator,SKY-ST,Calgary
COMPUTER04513,175.55.10.237,Validator,Validator,SKY-ST,Calgary
COMPUTER04514,175.55.10.238,Validator,Validator,SKY-ST,Calgary
COMPUTER05111,175.55.11.8,POS,POS,SKY-MN,Calgary
COMPUTER05112,175.55.11.9,POS,POS,SKY-MN,Calgary
COMPUTER05121,175.55.11.10,POS,POS,SKY-MN,Calgary
COMPUTER05122,175.55.11.11,POS,POS,SKY-MN,Calgary
COMPUTER05211,175.55.11.12,miniPOS,POS,SKY-MN,Calgary
COMPUTER05311,175.55.11.31,Type2,Vendor,SKY-MN,Calgary
COMPUTER05312,175.55.11.32,Type1,Vendor,SKY-MN,Calgary
COMPUTER05313,175.55.11.33,Type1,Vendor,SKY-MN,Calgary
COMPUTER05314,175.55.11.34,Type1,Vendor,SKY-MN,Calgary
COMPUTER05315,175.55.11.35,Type1,Vendor,SKY-MN,Calgary
COMPUTER05316,175.55.11.36,Type1,Vendor,SKY-MN,Calgary
COMPUTER05317,175.55.11.37,Type2,Vendor,SKY-MN,Calgary
COMPUTER05321,175.55.11.38,Type2,Vendor,SKY-MN,Calgary
COMPUTER05322,175.55.11.39,Type2,Vendor,SKY-MN,Calgary
COMPUTER05131,175.55.11.14,POS,POS,SKY-MN,Calgary
COMPUTER05132,175.55.11.15,POS,POS,SKY-MN,Calgary
COMPUTER05231,175.55.11.16,miniPOS,POS,SKY-MN,Calgary
COMPUTER05232,175.55.11.17,miniPOS,POS,SKY-MN,Calgary
COMPUTER05331,175.55.11.40,Type2,Vendor,SKY-MN,Calgary
COMPUTER05332,175.55.11.41,Type1,Vendor,SKY-MN,Calgary
COMPUTER05333,175.55.11.42,Type1,Vendor,SKY-MN,Calgary
COMPUTER05334,175.55.11.43,Type1,Vendor,SKY-MN,Calgary
COMPUTER05341,175.55.11.44,Type2,Vendor,SKY-MN,Calgary
COMPUTER05342,175.55.11.45,Type1,Vendor,SKY-MN,Calgary
COMPUTER05343,175.55.11.46,Type1,Vendor,SKY-MN,Calgary
COMPUTER05344,175.55.11.47,Type2,Vendor,SKY-MN,Calgary
COMPUTER05141,175.55.11.28,POS,POS,SKY-MN,Calgary
COMPUTER05142,175.55.11.29,POS,POS,SKY-MN,Calgary
COMPUTER05143,175.55.11.30,POS,POS,SKY-MN,Calgary
COMPUTER05611,175.55.11.48,Validator,Validator,SKY-MN,Calgary
COMPUTER06111,175.55.11.71,POS,POS,SKY-BW,Calgary
COMPUTER06112,175.55.11.72,POS,POS,SKY-BW,Calgary
COMPUTER06113,175.55.11.73,POS,POS,SKY-BW,Calgary
COMPUTER06114,175.55.11.74,POS,POS,SKY-BW,Calgary
COMPUTER06211,175.55.11.75,miniPOS,POS,SKY-BW,Calgary
COMPUTER06212,175.55.11.76,miniPOS,POS,SKY-BW,Calgary
COMPUTER06311,175.55.11.77,Type2,Vendor,SKY-BW,Calgary
COMPUTER06312,175.55.11.78,Type1,Vendor,SKY-BW,Calgary
COMPUTER06313,175.55.11.79,Type1,Vendor,SKY-BW,Calgary
COMPUTER06314,175.55.11.80,Type1,Vendor,SKY-BW,Calgary
COMPUTER06315,175.55.11.81,Type1,Vendor,SKY-BW,Calgary
COMPUTER06316,175.55.11.82,Type2,Vendor,SKY-BW,Calgary
COMPUTER06121,175.55.11.89,POS,POS,SKY-BW,Calgary
COMPUTER06122,175.55.11.90,POS,POS,SKY-BW,Calgary
COMPUTER06321,175.55.11.93,Type2,Vendor,SKY-BW,Calgary
COMPUTER06322,175.55.11.94,Type1,Vendor,SKY-BW,Calgary
COMPUTER06323,175.55.11.95,Type1,Vendor,SKY-BW,Calgary
COMPUTER07111,175.55.11.133,POS,POS,SKY-NA,Calgary
COMPUTER07112,175.55.11.134,POS,POS,SKY-NA,Calgary
COMPUTER07211,175.55.11.135,miniPOS,POS,SKY-NA,Calgary
COMPUTER07212,175.55.11.136,miniPOS,POS,SKY-NA,Calgary
COMPUTER07311,175.55.11.137,Type2,Vendor,SKY-NA,Calgary
COMPUTER07312,175.55.11.138,Type1,Vendor,SKY-NA,Calgary
COMPUTER07313,175.55.11.139,Type1,Vendor,SKY-NA,Calgary
COMPUTER07314,175.55.11.140,Type1,Vendor,SKY-NA,Calgary
COMPUTER07315,175.55.11.141,Type1,Vendor,SKY-NA,Calgary
COMPUTER07316,175.55.11.142,Type2,Vendor,SKY-NA,Calgary
COMPUTER08111,175.55.11.200,POS,POS,SKY-TN,Calgary
COMPUTER08112,175.55.11.201,POS,POS,SKY-TN,Calgary
COMPUTER08211,175.55.11.202,miniPOS,POS,SKY-TN,Calgary
COMPUTER08311,175.55.11.204,Type2,Vendor,SKY-TN,Calgary
COMPUTER08312,175.55.11.205,Type1,Vendor,SKY-TN,Calgary
COMPUTER08313,175.55.11.206,Type1,Vendor,SKY-TN,Calgary
COMPUTER08314,175.55.11.207,Type2,Vendor,SKY-TN,Calgary
COMPUTER08121,175.55.11.208,POS,POS,SKY-TN,Calgary
COMPUTER08122,175.55.11.209,POS,POS,SKY-TN,Calgary
COMPUTER08221,175.55.11.210,miniPOS,POS,SKY-TN,Calgary
COMPUTER08222,175.55.11.211,miniPOS,POS,SKY-TN,Calgary
COMPUTER08321,175.55.11.212,Type2,Vendor,SKY-TN,Calgary
COMPUTER08322,175.55.11.213,Type1,Vendor,SKY-TN,Calgary
COMPUTER08323,175.55.11.214,Type1,Vendor,SKY-TN,Calgary
COMPUTER08131,175.55.11.215,POS,POS,SKY-TN,Calgary
COMPUTER08132,175.55.11.216,POS,POS,SKY-TN,Calgary
COMPUTER08331,175.55.11.217,Type2,Vendor,SKY-TN,Calgary
COMPUTER08332,175.55.11.218,Type1,Vendor,SKY-TN,Calgary
COMPUTER08333,175.55.11.219,Type2,Vendor,SKY-TN,Calgary
COMPUTER09121,175.55.12.13,POS,POS,SKY-JY,Calgary
COMPUTER09122,175.55.12.14,POS,POS,SKY-JY,Calgary
COMPUTER09321,175.55.12.15,Type2,Vendor,SKY-JY,Calgary
COMPUTER09322,175.55.12.16,Type1,Vendor,SKY-JY,Calgary
COMPUTER09323,175.55.12.17,Type1,Vendor,SKY-JY,Calgary
COMPUTER09131,175.55.12.18,POS,POS,SKY-JY,Calgary
COMPUTER09132,175.55.12.19,POS,POS,SKY-JY,Calgary
COMPUTER09331,175.55.12.20,Type2,Vendor,SKY-JY,Calgary
COMPUTER09332,175.55.12.21,Type1,Vendor,SKY-JY,Calgary
COMPUTER09333,175.55.12.22,Type1,Vendor,SKY-JY,Calgary
COMPUTER09231,175.55.12.23,miniPOS,POS,SKY-JY,Calgary
COMPUTER09232,175.55.12.24,miniPOS,POS,SKY-JY,Calgary
COMPUTER09341,175.55.12.25,Type2,Vendor,SKY-JY,Calgary
COMPUTER09342,175.55.12.26,Type1,Vendor,SKY-JY,Calgary
COMPUTER09511,175.55.12.44,Validator,Validator,SKY-JY,Calgary
COMPUTER09512,175.55.12.45,Validator,Validator,SKY-JY,Calgary
COMPUTER10111,175.55.12.70,POS,POS,SKY-PT,Calgary
COMPUTER10112,175.55.12.71,POS,POS,SKY-PT,Calgary
COMPUTER10211,175.55.12.72,miniPOS,POS,SKY-PT,Calgary
COMPUTER10212,175.55.12.73,miniPOS,POS,SKY-PT,Calgary
COMPUTER10311,175.55.12.74,Type2,Vendor,SKY-PT,Calgary
COMPUTER10312,175.55.12.75,Type1,Vendor,SKY-PT,Calgary
COMPUTER10313,175.55.12.76,Type1,Vendor,SKY-PT,Calgary
COMPUTER10121,175.55.12.77,POS,POS,SKY-PT,Calgary
COMPUTER10122,175.55.12.78,POS,POS,SKY-PT,Calgary
COMPUTER10321,175.55.12.79,Type2,Vendor,SKY-PT,Calgary
COMPUTER10322,175.55.12.80,Type1,Vendor,SKY-PT,Calgary
COMPUTER10323,175.55.12.81,Type1,Vendor,SKY-PT,Calgary
COMPUTER10131,175.55.12.82,POS,POS,SKY-PT,Calgary
COMPUTER10132,175.55.12.83,POS,POS,SKY-PT,Calgary
COMPUTER10231,175.55.12.84,miniPOS,POS,SKY-PT,Calgary
COMPUTER10232,175.55.12.85,miniPOS,POS,SKY-PT,Calgary
COMPUTER10331,175.55.12.86,Type2,Vendor,SKY-PT,Calgary
COMPUTER10332,175.55.12.87,Type1,Vendor,SKY-PT,Calgary
COMPUTER10333,175.55.12.88,Type1,Vendor,SKY-PT,Calgary
COMPUTER10334,175.55.12.89,Type2,Vendor,SKY-PT,Calgary
COMPUTER11111,175.55.12.134,POS,POS,SKY-MT,Calgary
COMPUTER11112,175.55.12.135,POS,POS,SKY-MT,Calgary
COMPUTER11113,175.55.12.136,POS,POS,SKY-MT,Calgary
COMPUTER11114,175.55.12.137,POS,POS,SKY-MT,Calgary
COMPUTER11115,175.55.12.138,POS,POS,SKY-MT,Calgary
COMPUTER11116,175.55.12.139,POS,POS,SKY-MT,Calgary
COMPUTER11511,175.55.12.151,Validator,Validator,SKY-MT,Calgary
COMPUTER11512,175.55.12.152,Validator,Validator,SKY-MT,Calgary
COMPUTER11513,175.55.12.153,Validator,Validator,SKY-MT,Calgary
COMPUTER11514,175.55.12.165,Validator,Validator,SKY-MT,Calgary
COMPUTER11515,175.55.12.166,Validator,Validator,SKY-MT,Calgary
COMPUTER11516,175.55.12.167,Validator,Validator,SKY-MT,Calgary
COMPUTER12111,175.55.12.197,POS,POS,SKY-RO,Calgary
COMPUTER12112,175.55.12.198,POS,POS,SKY-RO,Calgary
COMPUTER12113,175.55.12.199,POS,POS,SKY-RO,Calgary
COMPUTER12211,175.55.12.200,miniPOS,POS,SKY-RO,Calgary
COMPUTER12212,175.55.12.201,miniPOS,POS,SKY-RO,Calgary
COMPUTER12311,175.55.12.202,Type2,Vendor,SKY-RO,Calgary
COMPUTER12312,175.55.12.203,Type1,Vendor,SKY-RO,Calgary
COMPUTER12313,175.55.12.204,Type1,Vendor,SKY-RO,Calgary
COMPUTER12314,175.55.12.205,Type1,Vendor,SKY-RO,Calgary
COMPUTER12315,175.55.12.206,Type1,Vendor,SKY-RO,Calgary
COMPUTER12316,175.55.12.207,Type2,Vendor,SKY-RO,Calgary
COMPUTER13111,175.55.13.5,POS,POS,SKY-ED,Calgary
COMPUTER13112,175.55.13.6,POS,POS,SKY-ED,Calgary
COMPUTER13113,175.55.13.7,POS,POS,SKY-ED,Calgary
COMPUTER13211,175.55.13.8,miniPOS,POS,SKY-ED,Calgary
COMPUTER13212,175.55.13.9,miniPOS,POS,SKY-ED,Calgary
COMPUTER13311,175.55.13.10,Type2,Vendor,SKY-ED,Calgary
COMPUTER13312,175.55.13.11,Type1,Vendor,SKY-ED,Calgary
COMPUTER13313,175.55.13.12,Type1,Vendor,SKY-ED,Calgary
COMPUTER13314,175.55.13.13,Type1,Vendor,SKY-ED,Calgary
COMPUTER13315,175.55.13.14,Type1,Vendor,SKY-ED,Calgary
COMPUTER13316,175.55.13.15,Type1,Vendor,SKY-ED,Calgary
COMPUTER13317,175.55.13.16,Type1,Vendor,SKY-ED,Calgary
COMPUTER13318,175.55.13.17,Type2,Vendor,SKY-ED,Calgary
COMPUTER14111,175.55.13.70,POS,POS,SKY-TS,Calgary
COMPUTER14112,175.55.13.71,POS,POS,SKY-TS,Calgary
COMPUTER14211,175.55.13.72,miniPOS,POS,SKY-TS,Calgary
COMPUTER14212,175.55.13.73,miniPOS,POS,SKY-TS,Calgary
COMPUTER14311,175.55.13.74,Type2,Vendor,SKY-TS,Calgary
COMPUTER14312,175.55.13.75,Type1,Vendor,SKY-TS,Calgary
COMPUTER14313,175.55.13.76,Type1,Vendor,SKY-TS,Calgary
COMPUTER14314,175.55.13.77,Type1,Vendor,SKY-TS,Calgary
COMPUTER14315,175.55.13.78,Type1,Vendor,SKY-TS,Calgary
COMPUTER14316,175.55.13.79,Type2,Vendor,SKY-TS,Calgary
COMPUTER15111,175.55.13.135,POS,POS,SKY-NW,Calgary
COMPUTER15112,175.55.13.136,POS,POS,SKY-NW,Calgary
COMPUTER15113,175.55.13.137,POS,POS,SKY-NW,Calgary
COMPUTER15211,175.55.13.138,miniPOS,POS,SKY-NW,Calgary
COMPUTER15311,175.55.13.139,Type2,Vendor,SKY-NW,Calgary
COMPUTER15312,175.55.13.140,Type1,Vendor,SKY-NW,Calgary
COMPUTER15313,175.55.13.141,Type1,Vendor,SKY-NW,Calgary
COMPUTER15314,175.55.13.142,Type1,Vendor,SKY-NW,Calgary
COMPUTER15315,175.55.13.143,Type1,Vendor,SKY-NW,Calgary
COMPUTER15316,175.55.13.144,Type1,Vendor,SKY-NW,Calgary
COMPUTER15317,175.55.13.145,Type2,Vendor,SKY-NW,Calgary
COMPUTER15121,175.55.13.146,POS,POS,SKY-NW,Calgary
COMPUTER15122,175.55.13.147,POS,POS,SKY-NW,Calgary
COMPUTER15123,175.55.13.148,POS,POS,SKY-NW,Calgary
COMPUTER15221,175.55.13.149,miniPOS,POS,SKY-NW,Calgary
COMPUTER15321,175.55.13.150,Type2,Vendor,SKY-NW,Calgary
COMPUTER15322,175.55.13.151,Type1,Vendor,SKY-NW,Calgary
COMPUTER15323,175.55.13.152,Type1,Vendor,SKY-NW,Calgary
COMPUTER15324,175.55.13.153,Type1,Vendor,SKY-NW,Calgary
COMPUTER15325,175.55.13.154,Type1,Vendor,SKY-NW,Calgary
COMPUTER15326,175.55.13.155,Type1,Vendor,SKY-NW,Calgary
COMPUTER15231,175.55.13.156,miniPOS,POS,SKY-NW,Calgary
COMPUTER15331,175.55.13.157,Type2,Vendor,SKY-NW,Calgary
COMPUTER15332,175.55.13.158,Type1,Vendor,SKY-NW,Calgary
COMPUTER15333,175.55.13.159,Type1,Vendor,SKY-NW,Calgary
COMPUTER15334,175.55.13.160,Type2,Vendor,SKY-NW,Calgary
COMPUTER15141,175.55.13.161,POS,POS,SKY-NW,Calgary
COMPUTER15142,175.55.13.162,POS,POS,SKY-NW,Calgary
COMPUTER15241,175.55.13.163,miniPOS,POS,SKY-NW,Calgary
COMPUTER15341,175.55.13.164,Type2,Vendor,SKY-NW,Calgary
COMPUTER15342,175.55.13.165,Type2,Vendor,SKY-NW,Calgary
COMPUTER16111,175.55.13.198,POS,POS,SKY-CO,Calgary
COMPUTER16112,175.55.13.199,POS,POS,SKY-CO,Calgary
COMPUTER16211,175.55.13.200,miniPOS,POS,SKY-CO,Calgary
COMPUTER16311,175.55.13.202,Type2,Vendor,SKY-CO,Calgary
COMPUTER16312,175.55.13.203,Type1,Vendor,SKY-CO,Calgary
COMPUTER16313,175.55.13.204,Type1,Vendor,SKY-CO,Calgary
COMPUTER16314,175.55.13.205,Type2,Vendor,SKY-CO,Calgary
COMPUTER16121,175.55.13.206,POS,POS,SKY-CO,Calgary
COMPUTER16122,175.55.13.207,POS,POS,SKY-CO,Calgary
COMPUTER16221,175.55.13.208,miniPOS,POS,SKY-CO,Calgary
COMPUTER16222,175.55.13.209,miniPOS,POS,SKY-CO,Calgary
COMPUTER16321,175.55.13.210,Type2,Vendor,SKY-CO,Calgary
COMPUTER16322,175.55.13.211,Type1,Vendor,SKY-CO,Calgary
COMPUTER16323,175.55.13.212,Type1,Vendor,SKY-CO,Calgary
COMPUTER16324,175.55.13.213,Type1,Vendor,SKY-CO,Calgary
COMPUTER16331,175.55.13.214,Type2,Vendor,SKY-CO,Calgary
COMPUTER17111,175.55.14.6,POS,POS,SKY-SR,Calgary
COMPUTER17112,175.55.14.7,POS,POS,SKY-SR,Calgary
COMPUTER17211,175.55.14.8,miniPOS,POS,SKY-SR,Calgary
COMPUTER17212,175.55.14.9,miniPOS,POS,SKY-SR,Calgary
COMPUTER17311,175.55.14.10,Type2,Vendor,SKY-SR,Calgary
COMPUTER17312,175.55.14.11,Type1,Vendor,SKY-SR,Calgary
COMPUTER17313,175.55.14.12,Type1,Vendor,SKY-SR,Calgary
COMPUTER17121,175.55.14.13,POS,POS,SKY-SR,Calgary
COMPUTER17122,175.55.14.14,POS,POS,SKY-SR,Calgary
COMPUTER17321,175.55.14.15,Type2,Vendor,SKY-SR,Calgary
COMPUTER17322,175.55.14.16,Type1,Vendor,SKY-SR,Calgary
COMPUTER17323,175.55.14.17,Type1,Vendor,SKY-SR,Calgary
COMPUTER17131,175.55.14.18,POS,POS,SKY-SR,Calgary
COMPUTER17132,175.55.14.19,POS,POS,SKY-SR,Calgary
COMPUTER17231,175.55.14.20,miniPOS,POS,SKY-SR,Calgary
COMPUTER17331,175.55.14.21,Type2,Vendor,SKY-SR,Calgary
COMPUTER17332,175.55.14.22,Type2,Vendor,SKY-SR,Calgary
COMPUTER17141,175.55.14.23,POS,POS,SKY-SR,Calgary
COMPUTER17142,175.55.14.24,POS,POS,SKY-SR,Calgary
COMPUTER17241,175.55.14.25,miniPOS,POS,SKY-SR,Calgary
COMPUTER17242,175.55.14.26,miniPOS,POS,SKY-SR,Calgary
COMPUTER17341,175.55.14.27,Type2,Vendor,SKY-SR,Calgary
COMPUTER17342,175.55.14.28,Type1,Vendor,SKY-SR,Calgary
COMPUTER17343,175.55.14.29,Type1,Vendor,SKY-SR,Calgary
COMPUTER18111,175.55.14.70,POS,POS,SKY-GW,Calgary
COMPUTER18112,175.55.14.71,POS,POS,SKY-GW,Calgary
COMPUTER18211,175.55.14.72,miniPOS,POS,SKY-GW,Calgary
COMPUTER18311,175.55.14.74,Type2,Vendor,SKY-GW,Calgary
COMPUTER18312,175.55.14.75,Type2,Vendor,SKY-GW,Calgary
COMPUTER18121,175.55.14.76,POS,POS,SKY-GW,Calgary
COMPUTER18122,175.55.14.77,POS,POS,SKY-GW,Calgary
COMPUTER18221,175.55.14.78,miniPOS,POS,SKY-GW,Calgary
COMPUTER18321,175.55.14.80,Type2,Vendor,SKY-GW,Calgary
COMPUTER18322,175.55.14.81,Type1,Vendor,SKY-GW,Calgary
COMPUTER18323,175.55.14.82,Type2,Vendor,SKY-GW,Calgary
COMPUTER18324,175.55.14.83,Type1,Vendor,SKY-GW,Calgary
COMPUTER19111,175.55.14.135,POS,POS,SKY-SC,Calgary
COMPUTER19112,175.55.14.136,POS,POS,SKY-SC,Calgary
COMPUTER19211,175.55.14.137,miniPOS,POS,SKY-SC,Calgary
COMPUTER19311,175.55.14.139,Type2,Vendor,SKY-SC,Calgary
COMPUTER19312,175.55.14.140,Type1,Vendor,SKY-SC,Calgary
COMPUTER19313,175.55.14.141,Type1,Vendor,SKY-SC,Calgary
COMPUTER19121,175.55.14.143,POS,POS,SKY-SC,Calgary
COMPUTER19122,175.55.14.144,POS,POS,SKY-SC,Calgary
COMPUTER19123,175.55.14.145,POS,POS,SKY-SC,Calgary
COMPUTER19221,175.55.14.146,miniPOS,POS,SKY-SC,Calgary
COMPUTER19222,175.55.14.147,miniPOS,POS,SKY-SC,Calgary
COMPUTER19321,175.55.14.148,Type2,Vendor,SKY-SC,Calgary
COMPUTER19322,175.55.14.149,Type1,Vendor,SKY-SC,Calgary
COMPUTER19323,175.55.14.150,Type1,Vendor,SKY-SC,Calgary
COMPUTER19324,175.55.14.151,Type2,Vendor,SKY-SC,Calgary
COMPUTER20111,175.55.14.198,POS,POS,SKY-KG,Calgary
COMPUTER20112,175.55.14.199,POS,POS,SKY-KG,Calgary
COMPUTER20113,175.55.14.200,POS,POS,SKY-KG,Calgary
COMPUTER20211,175.55.14.201,miniPOS,POS,SKY-KG,Calgary
COMPUTER20212,175.55.14.202,miniPOS,POS,SKY-KG,Calgary
COMPUTER20311,175.55.14.203,Type2,Vendor,SKY-KG,Calgary
COMPUTER20312,175.55.14.204,Type1,Vendor,SKY-KG,Calgary
COMPUTER20313,175.55.14.205,Type1,Vendor,SKY-KG,Calgary
COMPUTER20314,175.55.14.206,Type2,Vendor,SKY-KG,Calgary
COMPUTER20121,175.55.14.207,POS,POS,SKY-KG,Calgary
COMPUTER20122,175.55.14.208,POS,POS,SKY-KG,Calgary
COMPUTER20123,175.55.14.209,POS,POS,SKY-KG,Calgary
COMPUTER20321,175.55.14.210,Type2,Vendor,SKY-KG,Calgary
COMPUTER20322,175.55.14.211,Type1,Vendor,SKY-KG,Calgary
COMPUTER20323,175.55.14.212,Type1,Vendor,SKY-KG,Calgary
COMPUTER20324,175.55.14.213,Type2,Vendor,SKY-KG,Calgary
COMPUTER20611,175.55.14.216,Validator,Validator,SKY-KG,Calgary
COMPUTER90111,175.55.33.5,POS,POS,SKY-LQ,Calgary
COMPUTER90112,175.55.33.6,POS,POS,SKY-LQ,Calgary
COMPUTER90113,175.55.33.7,POS,POS,SKY-LQ,Calgary
COMPUTER90114,175.55.33.8,POS,POS,SKY-LQ,Calgary
COMPUTER90115,175.55.33.9,POS,POS,SKY-LQ,Calgary
COMPUTER90211,175.55.33.10,miniPOS,POS,SKY-LQ,Calgary
COMPUTER90212,175.55.33.11,miniPOS,POS,SKY-LQ,Calgary
COMPUTER90311,175.55.33.12,Type2,Vendor,SKY-LQ,Calgary
COMPUTER90312,175.55.33.13,Type1,Vendor,SKY-LQ,Calgary
COMPUTER90313,175.55.33.14,Type1,Vendor,SKY-LQ,Calgary
COMPUTER90314,175.55.33.15,Type1,Vendor,SKY-LQ,Calgary
COMPUTER90315,175.55.33.16,Type2,Vendor,SKY-LQ,Calgary
COMPUTER90316,175.55.33.17,Type1,Vendor,SKY-LQ,Calgary
COMPUTER90317,175.55.33.18,Type1,Vendor,SKY-LQ,Calgary
COMPUTER90318,175.55.33.19,Type1,Vendor,SKY-LQ,Calgary
COMPUTER90319,175.55.33.20,Type2,Vendor,SKY-LQ,Calgary
COMPUTER31111,175.55.18.6,POS,POS,SKY-VC,Seattle
COMPUTER31112,175.55.18.7,POS,POS,SKY-VC,Seattle
COMPUTER31113,175.55.18.8,POS,POS,SKY-VC,Seattle
COMPUTER31211,175.55.18.9,miniPOS,POS,SKY-VC,Seattle
COMPUTER31212,175.55.18.10,miniPOS,POS,SKY-VC,Seattle
COMPUTER31311,175.55.18.11,Type2,Vendor,SKY-VC,Seattle
COMPUTER31312,175.55.18.12,Type1,Vendor,SKY-VC,Seattle
COMPUTER31313,175.55.18.13,Type1,Vendor,SKY-VC,Seattle
COMPUTER31221,175.55.18.14,miniPOS,POS,SKY-VC,Seattle
COMPUTER31222,175.55.18.15,miniPOS,POS,SKY-VC,Seattle
COMPUTER31321,175.55.18.16,Type2,Vendor,SKY-VC,Seattle
COMPUTER31322,175.55.18.17,Type1,Vendor,SKY-VC,Seattle
COMPUTER31323,175.55.18.18,Type1,Vendor,SKY-VC,Seattle
COMPUTER32111,175.55.17.198,POS,POS,SKY-CM,Seattle
COMPUTER32112,175.55.17.199,POS,POS,SKY-CM,Seattle
COMPUTER32211,175.55.17.200,miniPOS,POS,SKY-CM,Seattle
COMPUTER32212,175.55.17.201,miniPOS,POS,SKY-CM,Seattle
COMPUTER32311,175.55.17.202,Type2,Vendor,SKY-CM,Seattle
COMPUTER32312,175.55.17.203,Type1,Vendor,SKY-CM,Seattle
COMPUTER32313,175.55.17.204,Type1,Vendor,SKY-CM,Seattle
COMPUTER32314,175.55.17.205,Type1,Vendor,SKY-CM,Seattle
COMPUTER32315,175.55.17.206,Type2,Vendor,SKY-CM,Seattle
COMPUTER32121,175.55.17.207,POS,POS,SKY-CM,Seattle
COMPUTER32122,175.55.17.208,POS,POS,SKY-CM,Seattle
COMPUTER32123,175.55.17.211,POS,POS,SKY-CM,Seattle
COMPUTER32321,175.55.17.212,Type2,Vendor,SKY-CM,Seattle
COMPUTER32322,175.55.17.213,Type1,Vendor,SKY-CM,Seattle
COMPUTER32323,175.55.17.214,Type1,Vendor,SKY-CM,Seattle
COMPUTER32324,175.55.17.215,Type1,Vendor,SKY-CM,Seattle
COMPUTER32325,175.55.17.216,Type2,Vendor,SKY-CM,Seattle
COMPUTER33111,175.55.17.134,POS,POS,SKY-RE,Seattle
COMPUTER33112,175.55.17.135,POS,POS,SKY-RE,Seattle
COMPUTER33211,175.55.17.136,miniPOS,POS,SKY-RE,Seattle
COMPUTER33212,175.55.17.137,miniPOS,POS,SKY-RE,Seattle
COMPUTER33311,175.55.17.138,Type2,Vendor,SKY-RE,Seattle
COMPUTER33312,175.55.17.139,Type1,Vendor,SKY-RE,Seattle
COMPUTER33313,175.55.17.140,Type1,Vendor,SKY-RE,Seattle
COMPUTER33221,175.55.17.141,miniPOS,POS,SKY-RE,Seattle
COMPUTER33222,175.55.17.142,miniPOS,POS,SKY-RE,Seattle
COMPUTER33321,175.55.17.143,Type2,Vendor,SKY-RE,Seattle
COMPUTER33322,175.55.17.144,Type1,Vendor,SKY-RE,Seattle
COMPUTER33323,175.55.17.145,Type1,Vendor,SKY-RE,Seattle
COMPUTER34111,175.55.17.70,POS,POS,SKY-RU,Seattle
COMPUTER34112,175.55.17.71,POS,POS,SKY-RU,Seattle
COMPUTER34211,175.55.17.72,miniPOS,POS,SKY-RU,Seattle
COMPUTER34212,175.55.17.73,miniPOS,POS,SKY-RU,Seattle
COMPUTER34311,175.55.17.74,Type2,Vendor,SKY-RU,Seattle
COMPUTER34312,175.55.17.75,Type1,Vendor,SKY-RU,Seattle
COMPUTER34313,175.55.17.76,Type1,Vendor,SKY-RU,Seattle
COMPUTER34221,175.55.17.77,miniPOS,POS,SKY-RU,Seattle
COMPUTER34222,175.55.17.78,miniPOS,POS,SKY-RU,Seattle
COMPUTER34321,175.55.17.79,Type2,Vendor,SKY-RU,Seattle
COMPUTER34322,175.55.17.80,Type1,Vendor,SKY-RU,Seattle
COMPUTER34323,175.55.17.81,Type1,Vendor,SKY-RU,Seattle
COMPUTER35111,175.55.17.6,POS,POS,SKY-GM,Seattle
COMPUTER35112,175.55.17.7,POS,POS,SKY-GM,Seattle
COMPUTER35311,175.55.17.8,Type2,Vendor,SKY-GM,Seattle
COMPUTER35312,175.55.17.9,Type2,Vendor,SKY-GM,Seattle
COMPUTER35211,175.55.17.10,miniPOS,POS,SKY-GM,Seattle
COMPUTER35121,175.55.17.12,POS,POS,SKY-GM,Seattle
COMPUTER35122,175.55.17.13,POS,POS,SKY-GM,Seattle
COMPUTER35321,175.55.17.14,Type2,Vendor,SKY-GM,Seattle
COMPUTER35322,175.55.17.15,Type1,Vendor,SKY-GM,Seattle
COMPUTER35323,175.55.17.16,Type1,Vendor,SKY-GM,Seattle
COMPUTER35324,175.55.17.17,Type1,Vendor,SKY-GM,Seattle
COMPUTER35325,175.55.17.18,Type1,Vendor,SKY-GM,Seattle
COMPUTER35326,175.55.17.19,Type2,Vendor,SKY-GM,Seattle
COMPUTER35221,175.55.17.20,miniPOS,POS,SKY-GM,Seattle
COMPUTER35222,175.55.17.21,miniPOS,POS,SKY-GM,Seattle
COMPUTER36111,175.55.16.198,POS,POS,SKY-BR,Seattle
COMPUTER36112,175.55.16.199,POS,POS,SKY-BR,Seattle
COMPUTER36113,175.55.16.200,POS,POS,SKY-BR,Seattle
COMPUTER36211,175.55.16.201,miniPOS,POS,SKY-BR,Seattle
COMPUTER36212,175.55.16.202,miniPOS,POS,SKY-BR,Seattle
COMPUTER36311,175.55.16.203,Type2,Vendor,SKY-BR,Seattle
COMPUTER36312,175.55.16.204,Type1,Vendor,SKY-BR,Seattle
COMPUTER36313,175.55.16.205,Type1,Vendor,SKY-BR,Seattle
COMPUTER37111,175.55.16.134,POS,POS,SKY-HO,Seattle
COMPUTER37112,175.55.16.135,POS,POS,SKY-HO,Seattle
COMPUTER37113,175.55.16.136,POS,POS,SKY-HO,Seattle
COMPUTER37211,175.55.16.137,miniPOS,POS,SKY-HO,Seattle
COMPUTER37212,175.55.16.138,miniPOS,POS,SKY-HO,Seattle
COMPUTER37311,175.55.16.139,Type2,Vendor,SKY-HO,Seattle
COMPUTER37312,175.55.16.140,Type1,Vendor,SKY-HO,Seattle
COMPUTER37313,175.55.16.141,Type1,Vendor,SKY-HO,Seattle
COMPUTER38111,175.55.16.70,POS,POS,SKY-SP,Seattle
COMPUTER38112,175.55.16.71,POS,POS,SKY-SP,Seattle
COMPUTER38211,175.55.16.72,miniPOS,POS,SKY-SP,Seattle
COMPUTER38212,175.55.16.73,miniPOS,POS,SKY-SP,Seattle
COMPUTER38311,175.55.16.74,Type2,Vendor,SKY-SP,Seattle
COMPUTER38312,175.55.16.75,Type1,Vendor,SKY-SP,Seattle
COMPUTER38313,175.55.16.76,Type1,Vendor,SKY-SP,Seattle
COMPUTER39111,175.55.16.6,POS,POS,SKY-LC,Seattle
COMPUTER39112,175.55.16.7,POS,POS,SKY-LC,Seattle
COMPUTER39211,175.55.16.8,miniPOS,POS,SKY-LC,Seattle
COMPUTER39212,175.55.16.9,miniPOS,POS,SKY-LC,Seattle
COMPUTER39311,175.55.16.10,Type2,Vendor,SKY-LC,Seattle
COMPUTER39312,175.55.16.11,Type1,Vendor,SKY-LC,Seattle
COMPUTER39313,175.55.16.12,Type1,Vendor,SKY-LC,Seattle
COMPUTER39221,175.55.16.13,miniPOS,POS,SKY-LC,Seattle
COMPUTER39222,175.55.16.14,miniPOS,POS,SKY-LC,Seattle
COMPUTER39321,175.55.16.15,Type2,Vendor,SKY-LC,Seattle
COMPUTER39322,175.55.16.16,Type1,Vendor,SKY-LC,Seattle
COMPUTER39323,175.55.16.17,Type1,Vendor,SKY-LC,Seattle
COMPUTER40111,175.55.15.198,POS,POS,SKY-PW,Seattle
COMPUTER40112,175.55.15.199,POS,POS,SKY-PW,Seattle
COMPUTER40211,175.55.15.200,miniPOS,POS,SKY-PW,Seattle
COMPUTER40311,175.55.15.201,Type2,Vendor,SKY-PW,Seattle
COMPUTER40312,175.55.15.202,Type1,Vendor,SKY-PW,Seattle
COMPUTER40313,175.55.15.203,Type1,Vendor,SKY-PW,Seattle
COMPUTER40121,175.55.15.204,POS,POS,SKY-PW,Seattle
COMPUTER40122,175.55.15.205,POS,POS,SKY-PW,Seattle
COMPUTER40221,175.55.15.206,miniPOS,POS,SKY-PW,Seattle
COMPUTER40321,175.55.15.207,Type2,Vendor,SKY-PW,Seattle
COMPUTER40322,175.55.15.208,Type1,Vendor,SKY-PW,Seattle
COMPUTER40323,175.55.15.209,Type1,Vendor,SKY-PW,Seattle
COMPUTER41111,175.55.15.134,POS,POS,SKY-LH,Seattle
COMPUTER41112,175.55.15.135,POS,POS,SKY-LH,Seattle
COMPUTER41113,175.55.15.136,POS,POS,SKY-LH,Seattle
COMPUTER41211,175.55.15.137,miniPOS,POS,SKY-LH,Seattle
COMPUTER41212,175.55.15.138,miniPOS,POS,SKY-LH,Seattle
COMPUTER41311,175.55.15.139,Type2,Vendor,SKY-LH,Seattle
COMPUTER41312,175.55.15.140,Type1,Vendor,SKY-LH,Seattle
COMPUTER41313,175.55.15.141,Type1,Vendor,SKY-LH,Seattle
COMPUTER41314,175.55.15.142,Type1,Vendor,SKY-LH,Seattle
COMPUTER41315,175.55.15.143,Type1,Vendor,SKY-LH,Seattle
COMPUTER41316,175.55.15.144,Type2,Vendor,SKY-LH,Seattle
COMPUTER41121,175.55.15.145,POS,POS,SKY-LH,Seattle
COMPUTER41122,175.55.15.146,POS,POS,SKY-LH,Seattle
COMPUTER41221,175.55.15.147,miniPOS,POS,SKY-LH,Seattle
COMPUTER41222,175.55.15.148,miniPOS,POS,SKY-LH,Seattle
COMPUTER41321,175.55.15.149,Type2,Vendor,SKY-LH,Seattle
COMPUTER41322,175.55.15.150,Type1,Vendor,SKY-LH,Seattle
COMPUTER41323,175.55.15.151,Type1,Vendor,SKY-LH,Seattle
COMPUTER41131,175.55.15.152,POS,POS,SKY-LH,Seattle
COMPUTER41132,175.55.15.153,POS,POS,SKY-LH,Seattle
COMPUTER41231,175.55.15.154,miniPOS,POS,SKY-LH,Seattle
COMPUTER41232,175.55.15.155,miniPOS,POS,SKY-LH,Seattle
COMPUTER41331,175.55.15.156,Type2,Vendor,SKY-LH,Seattle
COMPUTER41332,175.55.15.157,Type1,Vendor,SKY-LH,Seattle
COMPUTER41333,175.55.15.158,Type1,Vendor,SKY-LH,Seattle
COMPUTER42111,175.55.15.70,POS,POS,SKY-BD,Seattle
COMPUTER42112,175.55.15.71,POS,POS,SKY-BD,Seattle
COMPUTER42211,175.55.15.72,miniPOS,POS,SKY-BD,Seattle
COMPUTER42212,175.55.15.73,miniPOS,POS,SKY-BD,Seattle
COMPUTER42311,175.55.15.74,Type1,Vendor,SKY-BD,Seattle
COMPUTER42312,175.55.15.75,Type1,Vendor,SKY-BD,Seattle
COMPUTER42313,175.55.15.76,Type2,Vendor,SKY-BD,Seattle
COMPUTER42221,175.55.15.77,miniPOS,POS,SKY-BD,Seattle
COMPUTER42222,175.55.15.78,miniPOS,POS,SKY-BD,Seattle
COMPUTER42321,175.55.15.79,Type2,Vendor,SKY-BD,Seattle
COMPUTER42322,175.55.15.80,Type1,Vendor,SKY-BD,Seattle
COMPUTER42323,175.55.15.81,Type1,Vendor,SKY-BD,Seattle
COMPUTER43111,175.55.15.6,POS,POS,SKY-SA,Seattle
COMPUTER43112,175.55.15.7,POS,POS,SKY-SA,Seattle
COMPUTER43211,175.55.15.8,miniPOS,POS,SKY-SA,Seattle
COMPUTER43212,175.55.15.9,miniPOS,POS,SKY-SA,Seattle
COMPUTER43311,175.55.15.10,Type2,Vendor,SKY-SA,Seattle
COMPUTER43312,175.55.15.11,Type1,Vendor,SKY-SA,Seattle
COMPUTER43313,175.55.15.12,Type1,Vendor,SKY-SA,Seattle
COMPUTER43314,175.55.15.13,Type2,Vendor,SKY-SA,Seattle
COMPUTER43521,175.55.15.16,Validator,Validator,SKY-SA,Seattle
COMPUTER43522,175.55.15.17,Validator,Validator,SKY-SA,Seattle
COMPUTER50111,175.55.20.6,POS,POS,CDL-WTS,Edmonton
COMPUTER50112,175.55.20.7,POS,POS,CDL-WTS,Edmonton
COMPUTER50113,175.55.20.8,POS,POS,CDL-WTS,Edmonton
COMPUTER50211,175.55.20.9,miniPOS,POS,CDL-WTS,Edmonton
COMPUTER50212,175.55.20.10,miniPOS,POS,CDL-WTS,Edmonton
COMPUTER50311,175.55.20.11,Type2,Vendor,CDL-WTS,Edmonton
COMPUTER50312,175.55.20.12,Type1,Vendor,CDL-WTS,Edmonton
COMPUTER50313,175.55.20.13,Type1,Vendor,CDL-WTS,Edmonton
COMPUTER50314,175.55.20.14,Type2,Vendor,CDL-WTS,Edmonton
COMPUTER50121,175.55.20.16,POS,POS,CDL-WTS,Edmonton
COMPUTER50122,175.55.20.17,POS,POS,CDL-WTS,Edmonton
COMPUTER50123,175.55.20.18,POS,POS,CDL-WTS,Edmonton
COMPUTER50221,175.55.20.27,miniPOS,POS,CDL-WTS,Edmonton
COMPUTER50321,175.55.20.20,Type2,Vendor,CDL-WTS,Edmonton
COMPUTER50322,175.55.20.21,Type1,Vendor,CDL-WTS,Edmonton
COMPUTER50323,175.55.20.22,Type1,Vendor,CDL-WTS,Edmonton
COMPUTER51111,175.55.20.70,POS,POS,CDL-VCS,Edmonton
COMPUTER51112,175.55.20.71,POS,POS,CDL-VCS,Edmonton
COMPUTER51113,175.55.20.72,POS,POS,CDL-VCS,Edmonton
COMPUTER51114,175.55.20.73,POS,POS,CDL-VCS,Edmonton
COMPUTER51211,175.55.20.74,miniPOS,POS,CDL-VCS,Edmonton
COMPUTER51212,175.55.20.75,miniPOS,POS,CDL-VCS,Edmonton
COMPUTER51311,175.55.20.76,Type2,Vendor,CDL-VCS,Edmonton
COMPUTER51312,175.55.20.77,Type1,Vendor,CDL-VCS,Edmonton
COMPUTER51313,175.55.20.78,Type1,Vendor,CDL-VCS,Edmonton
COMPUTER51314,175.55.20.79,Type1,Vendor,CDL-VCS,Edmonton
COMPUTER51315,175.55.20.80,Type1,Vendor,CDL-VCS,Edmonton
COMPUTER51316,175.55.20.81,Type2,Vendor,CDL-VCS,Edmonton
COMPUTER52111,175.55.20.135,POS,POS,CDL-YTS,Edmonton
COMPUTER52112,175.55.20.136,POS,POS,CDL-YTS,Edmonton
COMPUTER52113,175.55.20.137,POS,POS,CDL-YTS,Edmonton
COMPUTER52211,175.55.20.138,miniPOS,POS,CDL-YTS,Edmonton
COMPUTER52212,175.55.20.139,miniPOS,POS,CDL-YTS,Edmonton
COMPUTER52311,175.55.20.140,Type2,Vendor,CDL-YTS,Edmonton
COMPUTER52312,175.55.20.141,Type1,Vendor,CDL-YTS,Edmonton
COMPUTER52313,175.55.20.142,Type1,Vendor,CDL-YTS,Edmonton
COMPUTER53111,175.55.20.197,POS,POS,CDL-OVS,Edmonton
COMPUTER53112,175.55.20.198,POS,POS,CDL-OVS,Edmonton
COMPUTER53113,175.55.20.199,POS,POS,CDL-OVS,Edmonton
COMPUTER53211,175.55.20.200,miniPOS,POS,CDL-OVS,Edmonton
COMPUTER53311,175.55.20.202,Type2,Vendor,CDL-OVS,Edmonton
COMPUTER53312,175.55.20.203,Type1,Vendor,CDL-OVS,Edmonton
COMPUTER53313,175.55.20.204,Type1,Vendor,CDL-OVS,Edmonton
COMPUTER54111,175.55.21.5,POS,POS,CDL-BWS,Edmonton
COMPUTER54112,175.55.21.6,POS,POS,CDL-BWS,Edmonton
COMPUTER54113,175.55.21.7,POS,POS,CDL-BWS,Edmonton
COMPUTER54114,175.55.21.8,POS,POS,CDL-BWS,Edmonton
COMPUTER54211,175.55.21.9,miniPOS,POS,CDL-BWS,Edmonton
COMPUTER54212,175.55.21.10,miniPOS,POS,CDL-BWS,Edmonton
COMPUTER54311,175.55.21.11,Type2,Vendor,CDL-BWS,Edmonton
COMPUTER54312,175.55.21.12,Type1,Vendor,CDL-BWS,Edmonton
COMPUTER54313,175.55.21.13,Type1,Vendor,CDL-BWS,Edmonton
COMPUTER54314,175.55.21.14,Type1,Vendor,CDL-BWS,Edmonton
COMPUTER54315,175.55.21.15,Type2,Vendor,CDL-BWS,Edmonton
COMPUTER55111,175.55.21.69,POS,POS,CDL-KES,Edmonton
COMPUTER55112,175.55.21.70,POS,POS,CDL-KES,Edmonton
COMPUTER55211,175.55.21.71,miniPOS,POS,CDL-KES,Edmonton
COMPUTER55311,175.55.21.73,Type2,Vendor,CDL-KES,Edmonton
COMPUTER55312,175.55.21.74,Type1,Vendor,CDL-KES,Edmonton
COMPUTER55313,175.55.21.75,Type1,Vendor,CDL-KES,Edmonton
COMPUTER57111,175.55.21.135,POS,POS,CDL-OAS,Edmonton
COMPUTER57112,175.55.21.136,POS,POS,CDL-OAS,Edmonton
COMPUTER57211,175.55.21.137,miniPOS,POS,CDL-OAS,Edmonton
COMPUTER57212,175.55.21.138,miniPOS,POS,CDL-OAS,Edmonton
COMPUTER57311,175.55.21.139,Type2,Vendor,CDL-OAS,Edmonton
COMPUTER57312,175.55.21.140,Type1,Vendor,CDL-OAS,Edmonton
COMPUTER57313,175.55.21.141,Type1,Vendor,CDL-OAS,Edmonton
COMPUTER57314,182.28.21.142,Type2,Vendor,CDL-OAS,Edmonton
COMPUTER58111,175.55.21.200,POS,POS,CDL-LGS,Edmonton
COMPUTER58112,175.55.21.201,POS,POS,CDL-LGS,Edmonton
COMPUTER58211,175.55.21.202,miniPOS,POS,CDL-LGS,Edmonton
COMPUTER58311,175.55.21.204,Type1,Vendor,CDL-LGS,Edmonton
COMPUTER58312,175.55.21.205,Type1,Vendor,CDL-LGS,Edmonton
COMPUTER58313,175.55.21.206,Type2,Vendor,CDL-LGS,Edmonton
COMPUTER60111,175.55.22.5,POS,POS,CDL-MDS,Edmonton
COMPUTER60112,175.55.22.6,POS,POS,CDL-MDS,Edmonton
COMPUTER60211,175.55.22.7,miniPOS,POS,CDL-MDS,Edmonton
COMPUTER60212,175.55.22.8,miniPOS,POS,CDL-MDS,Edmonton
COMPUTER60311,175.55.22.9,Type2,Vendor,CDL-MDS,Edmonton
COMPUTER60312,175.55.22.10,Type1,Vendor,CDL-MDS,Edmonton
COMPUTER60313,175.55.22.11,Type1,Vendor,CDL-MDS,Edmonton
COMPUTER60221,175.55.22.12,miniPOS,POS,CDL-MDS,Edmonton
COMPUTER60321,175.55.22.14,Type2,Vendor,CDL-MDS,Edmonton
COMPUTER60322,175.55.22.15,Type1,Vendor,CDL-MDS,Edmonton
COMPUTER60323,175.55.22.16,Type1,Vendor,CDL-MDS,Edmonton
COMPUTER61111,175.55.22.70,POS,POS,CDL-BPS,Edmonton
COMPUTER61112,175.55.22.71,POS,POS,CDL-BPS,Edmonton
COMPUTER61113,175.55.22.72,POS,POS,CDL-BPS,Edmonton
COMPUTER61114,175.55.22.73,POS,POS,CDL-BPS,Edmonton
COMPUTER61115,175.55.22.74,POS,POS,CDL-BPS,Edmonton
COMPUTER61211,175.55.22.75,miniPOS,POS,CDL-BPS,Edmonton
COMPUTER61212,175.55.22.76,miniPOS,POS,CDL-BPS,Edmonton
COMPUTER61311,175.55.22.77,Type2,Vendor,CDL-BPS,Edmonton
COMPUTER61312,175.55.22.78,Type1,Vendor,CDL-BPS,Edmonton
COMPUTER61313,175.55.22.79,Type2,Vendor,CDL-BPS,Edmonton
COMPUTER61314,175.55.22.80,Type1,Vendor,CDL-BPS,Edmonton
COMPUTER61315,175.55.22.81,Type1,Vendor,CDL-BPS,Edmonton
COMPUTER63111,175.55.22.133,POS,POS,CDL-ABS,Edmonton
COMPUTER63112,175.55.22.134,POS,POS,CDL-ABS,Edmonton
COMPUTER63211,175.55.22.135,miniPOS,POS,CDL-ABS,Edmonton
COMPUTER63311,175.55.22.137,Type2,Vendor,CDL-ABS,Edmonton
COMPUTER63312,175.55.22.138,Type1,Vendor,CDL-ABS,Edmonton
COMPUTER63313,175.55.22.139,Type1,Vendor,CDL-ABS,Edmonton
COMPUTER63221,175.55.22.140,miniPOS,POS,CDL-ABS,Edmonton
COMPUTER63222,175.55.22.141,miniPOS,POS,CDL-ABS,Edmonton
COMPUTER63321,175.55.22.142,Type2,Vendor,CDL-ABS,Edmonton
COMPUTER63322,175.55.22.143,Type1,Vendor,CDL-ABS,Edmonton
COMPUTER63323,175.55.22.144,Type1,Vendor,CDL-ABS,Edmonton
COMPUTER63131,175.55.22.145,POS,POS,CDL-ABS,Edmonton
COMPUTER63331,175.55.22.146,Type2,Vendor,CDL-ABS,Edmonton
COMPUTER63332,175.55.22.147,Type1,Vendor,CDL-ABS,Edmonton
COMPUTER64111,175.55.22.198,POS,POS,CDL-LAS,Edmonton
COMPUTER64112,175.55.22.199,POS,POS,CDL-LAS,Edmonton
COMPUTER64211,175.55.22.200,miniPOS,POS,CDL-LAS,Edmonton
COMPUTER64212,175.55.22.201,miniPOS,POS,CDL-LAS,Edmonton
COMPUTER64311,175.55.22.202,Type2,Vendor,CDL-LAS,Edmonton
COMPUTER64312,175.55.22.203,Type1,Vendor,CDL-LAS,Edmonton
COMPUTER64313,175.55.22.204,Type1,Vendor,CDL-LAS,Edmonton
COMPUTER64221,175.55.22.205,miniPOS,POS,CDL-LAS,Edmonton
COMPUTER64321,175.55.22.207,Type2,Vendor,CDL-LAS,Edmonton
COMPUTER64322,175.55.22.208,Type1,Vendor,CDL-LAS,Edmonton
COMPUTER64323,175.55.22.209,Type1,Vendor,CDL-LAS,Edmonton
COMPUTER65111,175.55.23.6,POS,POS,CDL-RBS,Edmonton
COMPUTER65112,175.55.23.7,POS,POS,CDL-RBS,Edmonton
COMPUTER65113,175.55.23.8,POS,POS,CDL-RBS,Edmonton
COMPUTER65114,175.55.23.9,POS,POS,CDL-RBS,Edmonton
COMPUTER65115,175.55.23.10,POS,POS,CDL-RBS,Edmonton
COMPUTER65211,175.55.23.11,miniPOS,POS,CDL-RBS,Edmonton
COMPUTER65212,192.168.13.2,miniPOS,POS,CDL-RBS,Edmonton
COMPUTER65311,175.55.23.13,Type2,Vendor,CDL-RBS,Edmonton
COMPUTER65312,175.55.23.14,Type1,Vendor,CDL-RBS,Edmonton
COMPUTER65313,175.55.23.15,Type1,Vendor,CDL-RBS,Edmonton
COMPUTER65314,175.55.23.16,Type1,Vendor,CDL-RBS,Edmonton
COMPUTER65315,175.55.23.17,Type2,Vendor,CDL-RBS,Edmonton
COMPUTER70111,175.55.23.70,POS,POS,CDL-TES,Edmonton
COMPUTER70112,175.55.23.71,POS,POS,CDL-TES,Edmonton
COMPUTER70211,175.55.23.72,miniPOS,POS,CDL-TES,Edmonton
COMPUTER70212,175.55.23.73,miniPOS,POS,CDL-TES,Edmonton
COMPUTER70311,175.55.23.74,Type2,Vendor,CDL-TES,Edmonton
COMPUTER70312,175.55.23.75,Type1,Vendor,CDL-TES,Edmonton
COMPUTER70313,175.55.23.76,Type1,Vendor,CDL-TES,Edmonton
COMPUTER70121,175.55.23.77,POS,POS,CDL-TES,Edmonton
COMPUTER70122,175.55.23.78,POS,POS,CDL-TES,Edmonton
COMPUTER70221,175.55.23.79,miniPOS,POS,CDL-TES,Edmonton
COMPUTER70321,175.55.23.81,Type2,Vendor,CDL-TES,Edmonton
COMPUTER70322,175.55.23.82,Type1,Vendor,CDL-TES,Edmonton
COMPUTER70323,175.55.23.83,Type1,Vendor,CDL-TES,Edmonton
COMPUTER71111,175.55.23.134,POS,POS,CDL-SIS,Edmonton
COMPUTER71112,175.55.23.135,POS,POS,CDL-SIS,Edmonton
COMPUTER71211,175.55.23.136,miniPOS,POS,CDL-SIS,Edmonton
COMPUTER71311,175.55.23.138,Type2,Vendor,CDL-SIS,Edmonton
COMPUTER71312,175.55.23.139,Type1,Vendor,CDL-SIS,Edmonton
COMPUTER71313,175.55.23.140,Type1,Vendor,CDL-SIS,Edmonton
COMPUTER73111,175.55.23.198,POS,POS,CDL-YVR,Edmonton
COMPUTER73112,175.55.23.199,POS,POS,CDL-YVR,Edmonton
COMPUTER73113,175.55.23.200,POS,POS,CDL-YVR,Edmonton
COMPUTER73211,175.55.23.201,miniPOS,POS,CDL-YVR,Edmonton
COMPUTER73212,175.55.23.202,miniPOS,POS,CDL-YVR,Edmonton
COMPUTER73311,175.55.23.203,Type2,Vendor,CDL-YVR,Edmonton
COMPUTER73312,175.55.23.204,Type1,Vendor,CDL-YVR,Edmonton
COMPUTER73313,175.55.23.205,Type1,Vendor,CDL-YVR,Edmonton
COMPUTER73314,175.55.23.206,Type2,Vendor,CDL-YVR,Edmonton
COMPUTER73121,175.55.23.207,POS,POS,CDL-YVR,Edmonton
COMPUTER73122,175.55.23.208,POS,POS,CDL-YVR,Edmonton
COMPUTER73114,175.55.23.209,POS,POS,CDL-YVR,Edmonton
COMPUTER73321,175.55.23.210,Type2,Vendor,CDL-YVR,Edmonton
COMPUTER73322,175.55.23.211,Type1,Vendor,CDL-YVR,Edmonton
COMPUTER73323,175.55.23.212,Type1,Vendor,CDL-YVR,Edmonton
COMPUTER73324,175.55.23.213,Type2,Vendor,CDL-YVR,Edmonton
COMPUTER80111,175.55.10.46,POS,POS,WCE-WWFR,HongKong
COMPUTER80511,175.55.10.47,Validator,Vendor,WCE-WWFR,HongKong
COMPUTER80512,175.55.10.48,Validator,Vendor,WCE-WWFR,HongKong
COMPUTER80513,175.55.10.49,Validator,Vendor,WCE-WWFR,HongKong
COMPUTER80514,175.55.10.50,Validator,Vendor,WCE-WWFR,HongKong
COMPUTER80515,175.55.10.51,Validator,Vendor,WCE-WWFR,HongKong
COMPUTER80516,175.55.10.52,Validator,Vendor,WCE-WWFR,HongKong
COMPUTER80112,175.55.10.53,POS,POS,WCE-WWFR,HongKong
COMPUTER80517,175.55.10.54,Validator,Vendor,WCE-WWFR,HongKong
COMPUTER80518,175.55.10.55,Validator,Vendor,WCE-WWFR,HongKong
COMPUTER80519,175.55.10.56,Validator,Vendor,WCE-WWFR,HongKong
COMPUTER80521,175.55.10.40,Validator,Vendor,WCE-WWFR,HongKong
COMPUTER80113,175.55.10.62,POS,POS,WCE-WWFR,HongKong
COMPUTER81111,175.55.30.70,POS,POS,WCE-WPMO,HongKong
COMPUTER81112,175.55.30.71,POS,POS,WCE-WPMO,HongKong
COMPUTER81113,175.55.30.72,POS,POS,WCE-WPMO,HongKong
COMPUTER81511,175.55.30.73,Validator,Validator,WCE-WPMO,HongKong
COMPUTER81512,175.55.30.74,Validator,Validator,WCE-WPMO,HongKong
COMPUTER81513,175.55.30.75,Validator,Validator,WCE-WPMO,HongKong
COMPUTER81514,175.55.30.76,Validator,Validator,WCE-WPMO,HongKong
COMPUTER81515,175.55.30.77,Validator,Validator,WCE-WPMO,HongKong
COMPUTER81516,175.55.30.78,Validator,Validator,WCE-WPMO,HongKong
COMPUTER81517,175.55.30.79,Validator,Validator,WCE-WPMO,HongKong
COMPUTER81518,175.55.30.80,Validator,Validator,WCE-WPMO,HongKong
COMPUTER82111,175.55.30.134,POS,POS,WCE-WCOQ,HongKong
COMPUTER82112,175.55.30.135,POS,POS,WCE-WCOQ,HongKong
COMPUTER82113,175.55.30.136,POS,POS,WCE-WCOQ,HongKong
COMPUTER82114,175.55.30.137,POS,POS,WCE-WCOQ,HongKong
COMPUTER82115,175.55.30.139,POS,POS,WCE-WCOQ,HongKong
COMPUTER82511,175.55.30.140,Validator,Validator,WCE-WCOQ,HongKong
COMPUTER82512,175.55.30.141,Validator,Validator,WCE-WCOQ,HongKong
COMPUTER82513,175.55.30.142,Validator,Validator,WCE-WCOQ,HongKong
COMPUTER82514,175.55.30.143,Validator,Validator,WCE-WCOQ,HongKong
COMPUTER82515,175.55.30.144,Validator,Validator,WCE-WCOQ,HongKong
COMPUTER82516,175.55.30.146,Validator,Validator,WCE-WCOQ,HongKong
COMPUTER83111,175.55.30.198,POS,POS,WCE-WPCO,HongKong
COMPUTER83112,175.55.30.199,POS,POS,WCE-WPCO,HongKong
COMPUTER83113,175.55.30.200,POS,POS,WCE-WPCO,HongKong
COMPUTER83114,175.55.30.201,POS,POS,WCE-WPCO,HongKong
COMPUTER83511,175.55.30.202,Validator,Validator,WCE-WPCO,HongKong
COMPUTER83512,175.55.30.203,Validator,Validator,WCE-WPCO,HongKong
COMPUTER83513,175.55.30.204,Validator,Validator,WCE-WPCO,HongKong
COMPUTER83514,175.55.30.205,Validator,Validator,WCE-WPCO,HongKong
COMPUTER83515,175.55.30.206,Validator,Validator,WCE-WPCO,HongKong
COMPUTER83516,175.55.30.207,Validator,Validator,WCE-WPCO,HongKong
COMPUTER83517,175.55.30.209,Validator,Validator,WCE-WPCO,HongKong
COMPUTER83518,175.55.30.210,Validator,Validator,WCE-WPCO,HongKong
COMPUTER84111,175.55.31.6,POS,POS,WCE-WPME,HongKong
COMPUTER84112,175.55.31.7,POS,POS,WCE-WPME,HongKong
COMPUTER84113,175.55.31.8,POS,POS,WCE-WPME,HongKong
COMPUTER84511,175.55.31.9,Validator,Validator,WCE-WPME,HongKong
COMPUTER84512,175.55.31.10,Validator,Validator,WCE-WPME,HongKong
COMPUTER84513,175.55.31.11,Validator,Validator,WCE-WPME,HongKong
COMPUTER84514,175.55.31.12,Validator,Validator,WCE-WPME,HongKong
COMPUTER85111,175.55.31.70,POS,POS,WCE-WMME,HongKong
COMPUTER85112,175.55.31.71,POS,POS,WCE-WMME,HongKong
COMPUTER85113,175.55.31.72,POS,POS,WCE-WMME,HongKong
COMPUTER85114,175.55.31.73,POS,POS,WCE-WMME,HongKong
COMPUTER85511,175.55.31.74,Validator,Validator,WCE-WMME,HongKong
COMPUTER85512,175.55.31.75,Validator,Validator,WCE-WMME,HongKong
COMPUTER85513,175.55.31.76,Validator,Validator,WCE-WMME,HongKong
COMPUTER85514,175.55.31.77,Validator,Validator,WCE-WMME,HongKong
COMPUTER85515,175.55.31.79,Validator,Validator,WCE-WMME,HongKong
COMPUTER85516,175.55.31.80,Validator,Validator,WCE-WMME,HongKong
COMPUTER86111,175.55.31.134,POS,POS,WCE-WHNY,HongKong
COMPUTER86112,175.55.31.135,POS,POS,WCE-WHNY,HongKong
COMPUTER86113,175.55.31.136,POS,POS,WCE-WHNY,HongKong
COMPUTER86511,175.55.31.137,Validator,Validator,WCE-WHNY,HongKong
COMPUTER86512,175.55.31.138,Validator,Validator,WCE-WHNY,HongKong
COMPUTER86513,175.55.31.139,Validator,Validator,WCE-WHNY,HongKong
COMPUTER86514,175.55.31.140,Validator,Validator,WCE-WHNY,HongKong
COMPUTER86515,175.55.31.141,Validator,Validator,WCE-WHNY,HongKong
COMPUTER86516,175.55.31.142,Validator,Validator,WCE-WHNY,HongKong
COMPUTER86517,175.55.31.143,Validator,Validator,WCE-WHNY,HongKong
COMPUTER86518,175.55.31.144,Validator,Validator,WCE-WHNY,HongKong
COMPUTER87111,175.55.31.198,POS,POS,WCE-WMIS,HongKong
COMPUTER87112,175.55.31.199,POS,POS,WCE-WMIS,HongKong
COMPUTER87113,175.55.31.200,POS,POS,WCE-WMIS,HongKong
COMPUTER87114,175.55.31.201,POS,POS,WCE-WMIS,HongKong
COMPUTER87511,175.55.31.202,Validator,Validator,WCE-WMIS,HongKong
COMPUTER87512,175.55.31.203,Validator,Validator,WCE-WMIS,HongKong
COMPUTER87513,175.55.31.204,Validator,Validator,WCE-WMIS,HongKong
COMPUTER87514,175.55.31.205,Validator,Validator,WCE-WMIS,HongKong
COMPUTER87521,175.55.31.207,Validator,Validator,WCE-WMIS,HongKong
COMPUTER87522,175.55.31.208,Validator,Validator,WCE-WMIS,HongKong
COMPUTER87523,175.55.31.209,Validator,Validator,WCE-WMIS,HongKong
COMPUTER87524,175.55.31.210,Validator,Validator,WCE-WMIS,HongKong
COMPUTER91111,175.55.50.5,POS,POS,SKY-BQ,Toronto
COMPUTER91112,175.55.50.6,POS,POS,SKY-BQ,Toronto
COMPUTER91113,175.55.50.7,POS,POS,SKY-BQ,Toronto
COMPUTER91211,175.55.50.8,miniPOS,POS,SKY-BQ,Toronto
COMPUTER91212,175.55.50.9,miniPOS,POS,SKY-BQ,Toronto
COMPUTER91311,175.55.50.10,Type2,Vendor,SKY-BQ,Toronto
COMPUTER91312,175.55.50.11,Type1,Vendor,SKY-BQ,Toronto
COMPUTER91313,175.55.50.12,Type1,Vendor,SKY-BQ,Toronto
COMPUTER91314,175.55.50.13,Type1,Vendor,SKY-BQ,Toronto
COMPUTER91315,175.55.50.14,Type2,Vendor,SKY-BQ,Toronto
COMPUTER93111,175.55.50.69,POS,POS,SKY-MC,Toronto
COMPUTER93112,175.55.50.70,POS,POS,SKY-MC,Toronto
COMPUTER93113,175.55.50.71,POS,POS,SKY-MC,Toronto
COMPUTER93114,175.55.50.72,POS,POS,SKY-MC,Toronto
COMPUTER93211,175.55.50.73,miniPOS,POS,SKY-MC,Toronto
COMPUTER93212,175.55.50.74,miniPOS,POS,SKY-MC,Toronto
COMPUTER81111,175.55.50.75,POS,POS,SKY-MC,Toronto
COMPUTER81211,175.55.50.76,POS,POS,SKY-MC,Toronto
COMPUTER93311,175.55.50.77,Type2,Vendor,SKY-MC,Toronto
COMPUTER93312,175.55.50.78,Type1,Vendor,SKY-MC,Toronto
COMPUTER93313,175.55.50.79,Type1,Vendor,SKY-MC,Toronto
COMPUTER93314,175.55.50.80,Type1,Vendor,SKY-MC,Toronto
COMPUTER93315,175.55.50.81,Type1,Vendor,SKY-MC,Toronto
COMPUTER93316,175.55.50.82,Type2,Vendor,SKY-MC,Toronto
COMPUTER94111,175.55.50.133,POS,POS,SKY-IC,Toronto
COMPUTER94112,175.55.50.134,POS,POS,SKY-IC,Toronto
COMPUTER94113,175.55.50.135,POS,POS,SKY-IC,Toronto
COMPUTER94211,175.55.50.136,miniPOS,POS,SKY-IC,Toronto
COMPUTER94212,175.55.50.137,miniPOS,POS,SKY-IC,Toronto
COMPUTER94311,175.55.50.138,Type2,Vendor,SKY-IC,Toronto
COMPUTER94312,175.55.50.139,Type1,Vendor,SKY-IC,Toronto
COMPUTER94313,175.55.50.140,Type1,Vendor,SKY-IC,Toronto
COMPUTER94314,175.55.50.141,Type1,Vendor,SKY-IC,Toronto
COMPUTER94315,175.55.50.142,Type2,Vendor,SKY-IC,Toronto
COMPUTER94121,175.55.50.143,POS,POS,SKY-IC,Toronto
COMPUTER94122,175.55.50.144,POS,POS,SKY-IC,Toronto
COMPUTER94221,175.55.50.145,miniPOS,POS,SKY-IC,Toronto
COMPUTER94222,175.55.50.146,miniPOS,POS,SKY-IC,Toronto
COMPUTER94321,175.55.50.147,Type2,Vendor,SKY-IC,Toronto
COMPUTER94322,175.55.50.148,Type1,Vendor,SKY-IC,Toronto
COMPUTER94323,175.55.50.149,Type1,Vendor,SKY-IC,Toronto
COMPUTER96111,175.55.50.197,POS,POS,SKY-CC,Toronto
COMPUTER96112,175.55.50.198,POS,POS,SKY-CC,Toronto
COMPUTER96113,175.55.50.199,POS,POS,SKY-CC,Toronto
COMPUTER96114,175.55.50.200,POS,POS,SKY-CC,Toronto
COMPUTER96115,175.55.50.201,POS,POS,SKY-CC,Toronto
COMPUTER96211,175.55.50.202,miniPOS,POS,SKY-CC,Toronto
COMPUTER96212,175.55.50.203,miniPOS,POS,SKY-CC,Toronto
COMPUTER96311,175.55.50.204,Type2,Vendor,SKY-CC,Toronto
COMPUTER96312,175.55.50.205,Type1,Vendor,SKY-CC,Toronto
COMPUTER96313,175.55.50.206,Type1,Vendor,SKY-CC,Toronto
COMPUTER96316,175.55.50.207,Type1,Vendor,SKY-CC,Toronto
COMPUTER96317,175.55.50.208,Type1,Vendor,SKY-CC,Toronto
COMPUTER96318,175.55.50.209,Type2,Vendor,SKY-CC,Toronto
COMPUTER97111,175.55.51.5,POS,POS,SKY-LN,Toronto
COMPUTER97112,175.55.51.6,POS,POS,SKY-LN,Toronto
COMPUTER97113,175.55.51.7,POS,POS,SKY-LN,Toronto
COMPUTER97114,175.55.51.8,POS,POS,SKY-LN,Toronto
COMPUTER97211,175.55.51.9,miniPOS,POS,SKY-LN,Toronto
COMPUTER97212,175.55.51.10,miniPOS,POS,SKY-LN,Toronto
COMPUTER97311,175.55.51.11,Type2,Vendor,SKY-LN,Toronto
COMPUTER97312,175.55.51.12,Type1,Vendor,SKY-LN,Toronto
COMPUTER97313,175.55.51.13,Type1,Vendor,SKY-LN,Toronto
COMPUTER97314,175.55.51.14,Type1,Vendor,SKY-LN,Toronto
COMPUTER97315,175.55.51.15,Type2,Vendor,SKY-LN,Toronto
COMPUTER98111,175.55.51.69,POS,POS,SKY-LA,Toronto
COMPUTER98112,175.55.51.70,POS,POS,SKY-LA,Toronto
COMPUTER98113,175.55.51.71,POS,POS,SKY-LA,Toronto
COMPUTER98211,175.55.51.72,miniPOS,POS,SKY-LA,Toronto
COMPUTER98212,175.55.51.73,miniPOS,POS,SKY-LA,Toronto
COMPUTER98311,175.55.51.74,Type2,Vendor,SKY-LA,Toronto
COMPUTER98312,175.55.51.75,Type1,Vendor,SKY-LA,Toronto
COMPUTER98313,175.55.51.76,Type1,Vendor,SKY-LA,Toronto
COMPUTER98314,175.55.51.77,Type1,Vendor,SKY-LA,Toronto
COMPUTER98315,175.55.51.78,Type1,Vendor,SKY-LA,Toronto
COMPUTER98316,175.55.51.79,Type2,Vendor,SKY-LA,Toronto
COMPUTER75103,175.55.7.211,POS,POS,Store,RETAIL
COMPUTER75105,175.54.6.245,POS,POS,Store,RETAIL
COMPUTER75107,175.54.7.186,POS,POS,Store,RETAIL
COMPUTER75109,175.54.6.240,POS,POS,Store,RETAIL
COMPUTER75110,175.55.47.3,POS,POS,Store,RETAIL
COMPUTER75115,175.54.7.206,POS,POS,Store,RETAIL
COMPUTER75117,175.54.6.247,POS,POS,Store,RETAIL
COMPUTER75118,175.54.7.208,POS,POS,Store,RETAIL
COMPUTER75137,175.54.6.244,POS,POS,Store,RETAIL
COMPUTER75142,175.54.6.243,POS,POS,Store,RETAIL
COMPUTER75144,175.54.7.210,POS,POS,Store,RETAIL
COMPUTER75147,175.54.7.182,POS,POS,Store,RETAIL
COMPUTER75150,175.54.7.169,POS,POS,Store,RETAIL
COMPUTER75152,175.54.6.249,POS,POS,Store,RETAIL
COMPUTER75153,175.54.6.248,POS,POS,Store,RETAIL
COMPUTER75171,175.54.7.175,POS,POS,Store,RETAIL
COMPUTER75174,175.54.6.241,POS,POS,Store,RETAIL
COMPUTER75175,175.54.6.250,POS,POS,Store,RETAIL
COMPUTER76101,175.54.6.166,POS,POS,Nanaimo,FERRY
COMPUTER76102,175.54.6.167,POS,POS,Nanaimo,FERRY
COMPUTER76103,175.54.6.169,POS,POS,LA,FERRY
COMPUTER76104,175.54.6.168,POS,POS,LA,FERRY
COMPUTER76105,175.54.6.246,POS,POS,LA,FERRY